{
    "info": {
        "_postman_id": "dating-app-backend-collection",
        "name": "DatingAppBackend",
        "schema": "https://schema.getpostman.com/json/collection/v2.1.0/collection.json"
    },
    "item": [
        {
            "name": "Auth",
            "item": [
                {
                    "name": "Signup",
                    "request": {
                        "method": "POST",
                        "header": [],
                        "body": {
                            "mode": "raw",
                            "raw": "{\n    \"name\": \"Test User\",\n    \"email\": \"test@example.com\",\n    \"password\": \"password123\",\n    \"contact\": \"1234567890\"\n}",
                            "options": {
                                "raw": {
                                    "language": "json"
                                }
                            }
                        },
                        "url": {
                            "raw": "{{baseUrl}}/api/auth/signup",
                            "host": [
                                "{{baseUrl}}"
                            ],
                            "path": [
                                "api",
                                "auth",
                                "signup"
                            ]
                        }
                    },
                    "response": []
                },
                {
                    "name": "Login",
                    "event": [
                        {
                            "listen": "test",
                            "script": {
                                "exec": [
                                    "var jsonData = pm.response.json();",
                                    "if (jsonData.data && jsonData.data.token) {",
                                    "    pm.collectionVariables.set(\"token\", jsonData.data.token);",
                                    "}"
                                ],
                                "type": "text/javascript"
                            }
                        }
                    ],
                    "request": {
                        "method": "POST",
                        "header": [],
                        "body": {
                            "mode": "raw",
                            "raw": "{\n    \"email\": \"test@example.com\",\n    \"password\": \"password123\"\n}",
                            "options": {
                                "raw": {
                                    "language": "json"
                                }
                            }
                        },
                        "url": {
                            "raw": "{{baseUrl}}/api/auth/login",
                            "host": [
                                "{{baseUrl}}"
                            ],
                            "path": [
                                "api",
                                "auth",
                                "login"
                            ]
                        }
                    },
                    "response": []
                }
            ]
        },
        {
            "name": "User",
            "item": [
                {
                    "name": "Get Profile",
                    "request": {
                        "auth": {
                            "type": "bearer",
                            "bearer": [
                                {
                                    "key": "token",
                                    "value": "{{token}}",
                                    "type": "string"
                                }
                            ]
                        },
                        "method": "GET",
                        "header": [],
                        "url": {
                            "raw": "{{baseUrl}}/api/user/profile",
                            "host": [
                                "{{baseUrl}}"
                            ],
                            "path": [
                                "api",
                                "user",
                                "profile"
                            ]
                        }
                    },
                    "response": []
                },
                {
                    "name": "Update Profile",
                    "request": {
                        "auth": {
                            "type": "bearer",
                            "bearer": [
                                {
                                    "key": "token",
                                    "value": "{{token}}",
                                    "type": "string"
                                }
                            ]
                        },
                        "method": "POST",
                        "header": [],
                        "body": {
                            "mode": "formdata",
                            "formdata": [
                                {
                                    "key": "city",
                                    "value": "New York",
                                    "type": "text"
                                },
                                {
                                    "key": "relationshipGoal",
                                    "value": "Long-term relationship",
                                    "type": "text"
                                },
                                {
                                    "key": "interests",
                                    "value": "[\"Music\", \"Travel\"]",
                                    "type": "text"
                                },
                                {
                                    "key": "photo",
                                    "type": "file",
                                    "src": []
                                }
                            ]
                        },
                        "url": {
                            "raw": "{{baseUrl}}/api/user/profile",
                            "host": [
                                "{{baseUrl}}"
                            ],
                            "path": [
                                "api",
                                "user",
                                "profile"
                            ]
                        }
                    },
                    "response": []
                }
            ]
        },
        {
            "name": "Likes",
            "item": [
                {
                    "name": "Send Like",
                    "request": {
                        "auth": {
                            "type": "bearer",
                            "bearer": [
                                {
                                    "key": "token",
                                    "value": "{{token}}",
                                    "type": "string"
                                }
                            ]
                        },
                        "method": "POST",
                        "header": [],
                        "body": {
                            "mode": "raw",
                            "raw": "{\n    \"receiverId\": \"REPLACE_WITH_TARGET_USER_UUID\"\n}",
                            "options": {
                                "raw": {
                                    "language": "json"
                                }
                            }
                        },
                        "url": {
                            "raw": "{{baseUrl}}/api/likes/send",
                            "host": [
                                "{{baseUrl}}"
                            ],
                            "path": [
                                "api",
                                "likes",
                                "send"
                            ]
                        }
                    },
                    "response": []
                },
                {
                    "name": "Send Dislike",
                    "request": {
                        "auth": {
                            "type": "bearer",
                            "bearer": [
                                {
                                    "key": "token",
                                    "value": "{{token}}",
                                    "type": "string"
                                }
                            ]
                        },
                        "method": "POST",
                        "header": [],
                        "body": {
                            "mode": "raw",
                            "raw": "{\n    \"receiverId\": \"REPLACE_WITH_TARGET_USER_UUID\",\n    \"action\": \"dislike\"\n}",
                            "options": {
                                "raw": {
                                    "language": "json"
                                }
                            }
                        },
                        "url": {
                            "raw": "{{baseUrl}}/api/likes/send",
                            "host": [
                                "{{baseUrl}}"
                            ],
                            "path": [
                                "api",
                                "likes",
                                "send"
                            ]
                        }
                    },
                    "response": []
                },
                {
                    "name": "Get Received Likes",
                    "request": {
                        "auth": {
                            "type": "bearer",
                            "bearer": [
                                {
                                    "key": "token",
                                    "value": "{{token}}",
                                    "type": "string"
                                }
                            ]
                        },
                        "method": "GET",
                        "header": [],
                        "url": {
                            "raw": "{{baseUrl}}/api/likes/received",
                            "host": [
                                "{{baseUrl}}"
                            ],
                            "path": [
                                "api",
                                "likes",
                                "received"
                            ]
                        }
                    },
                    "response": []
                }
            ]
        },
        {
            "name": "Premium",
            "item": [
                {
                    "name": "Get Plans",
                    "request": {
                        "auth": {
                            "type": "bearer",
                            "bearer": [
                                {
                                    "key": "token",
                                    "value": "{{token}}",
                                    "type": "string"
                                }
                            ]
                        },
                        "method": "GET",
                        "header": [],
                        "url": {
                            "raw": "{{baseUrl}}/api/premium/plans",
                            "host": [
                                "{{baseUrl}}"
                            ],
                            "path": [
                                "api",
                                "premium",
                                "plans"
                            ]
                        }
                    },
                    "response": []
                },
                {
                    "name": "Get My Subscription",
                    "request": {
                        "auth": {
                            "type": "bearer",
                            "bearer": [
                                {
                                    "key": "token",
                                    "value": "{{token}}",
                                    "type": "string"
                                }
                            ]
                        },
                        "method": "GET",
                        "header": [],
                        "url": {
                            "raw": "{{baseUrl}}/api/premium/my-subscription",
                            "host": [
                                "{{baseUrl}}"
                            ],
                            "path": [
                                "api",
                                "premium",
                                "my-subscription"
                            ]
                        }
                    },
                    "response": []
                },
                {
                    "name": "Subscribe",
                    "request": {
                        "auth": {
                            "type": "bearer",
                            "bearer": [
                                {
                                    "key": "token",
                                    "value": "{{token}}",
                                    "type": "string"
                                }
                            ]
                        },
                        "method": "POST",
                        "header": [],
                        "body": {
                            "mode": "raw",
                            "raw": "{\n    \"planId\": \"1_month\"\n}",
                            "options": {
                                "raw": {
                                    "language": "json"
                                }
                            }
                        },
                        "url": {
                            "raw": "{{baseUrl}}/api/premium/subscribe",
                            "host": [
                                "{{baseUrl}}"
                            ],
                            "path": [
                                "api",
                                "premium",
                                "subscribe"
                            ]
                        }
                    },
                    "response": []
                }
            ]
        },
        {
            "name": "Community",
            "item": [
                {
                    "name": "Get Feed",
                    "request": {
                        "auth": {
                            "type": "bearer",
                            "bearer": [
                                {
                                    "key": "token",
                                    "value": "{{token}}",
                                    "type": "string"
                                }
                            ]
                        },
                        "method": "GET",
                        "header": [],
                        "url": {
                            "raw": "{{baseUrl}}/api/community/feed",
                            "host": [
                                "{{baseUrl}}"
                            ],
                            "path": [
                                "api",
                                "community",
                                "feed"
                            ]
                        }
                    },
                    "response": []
                },
                {
                    "name": "Create Post",
                    "request": {
                        "auth": {
                            "type": "bearer",
                            "bearer": [
                                {
                                    "key": "token",
                                    "value": "{{token}}",
                                    "type": "string"
                                }
                            ]
                        },
                        "method": "POST",
                        "header": [],
                        "body": {
                            "mode": "formdata",
                            "formdata": [
                                {
                                    "key": "image",
                                    "type": "file",
                                    "src": []
                                },
                                {
                                    "key": "caption",
                                    "value": "Check this out!",
                                    "type": "text"
                                },
                                {
                                    "key": "location",
                                    "value": "New York",
                                    "type": "text"
                                }
                            ]
                        },
                        "url": {
                            "raw": "{{baseUrl}}/api/community/post",
                            "host": [
                                "{{baseUrl}}"
                            ],
                            "path": [
                                "api",
                                "community",
                                "post"
                            ]
                        }
                    },
                    "response": []
                },
                {
                    "name": "Update Post",
                    "request": {
                        "auth": {
                            "type": "bearer",
                            "bearer": [
                                {
                                    "key": "token",
                                    "value": "{{token}}",
                                    "type": "string"
                                }
                            ]
                        },
                        "method": "PUT",
                        "header": [],
                        "body": {
                            "mode": "formdata",
                            "formdata": [
                                {
                                    "key": "caption",
                                    "value": "Updated caption!",
                                    "type": "text"
                                },
                                {
                                    "key": "location",
                                    "value": "London",
                                    "type": "text"
                                }
                            ]
                        },
                        "url": {
                            "raw": "{{baseUrl}}/api/community/post/POST_ID_HERE",
                            "host": [
                                "{{baseUrl}}"
                            ],
                            "path": [
                                "api",
                                "community",
                                "post",
                                "POST_ID_HERE"
                            ]
                        }
                    },
                    "response": []
                },
                {
                    "name": "Delete Post",
                    "request": {
                        "auth": {
                            "type": "bearer",
                            "bearer": [
                                {
                                    "key": "token",
                                    "value": "{{token}}",
                                    "type": "string"
                                }
                            ]
                        },
                        "method": "DELETE",
                        "header": [],
                        "url": {
                            "raw": "{{baseUrl}}/api/community/post/POST_ID_HERE",
                            "host": [
                                "{{baseUrl}}"
                            ],
                            "path": [
                                "api",
                                "community",
                                "post",
                                "POST_ID_HERE"
                            ]
                        }
                    },
                    "response": []
                },
                {
                    "name": "Toggle Like Post",
                    "request": {
                        "auth": {
                            "type": "bearer",
                            "bearer": [
                                {
                                    "key": "token",
                                    "value": "{{token}}",
                                    "type": "string"
                                }
                            ]
                        },
                        "method": "POST",
                        "header": [],
                        "url": {
                            "raw": "{{baseUrl}}/api/community/post/POST_ID_HERE/like",
                            "host": [
                                "{{baseUrl}}"
                            ],
                            "path": [
                                "api",
                                "community",
                                "post",
                                "POST_ID_HERE",
                                "like"
                            ]
                        }
                    },
                    "response": []
                },
                {
                    "name": "Add Comment",
                    "request": {
                        "auth": {
                            "type": "bearer",
                            "bearer": [
                                {
                                    "key": "token",
                                    "value": "{{token}}",
                                    "type": "string"
                                }
                            ]
                        },
                        "method": "POST",
                        "header": [],
                        "body": {
                            "mode": "raw",
                            "raw": "{\n    \"content\": \"This is a great post!\"\n}",
                            "options": {
                                "raw": {
                                    "language": "json"
                                }
                            }
                        },
                        "url": {
                            "raw": "{{baseUrl}}/api/community/post/POST_ID_HERE/comment",
                            "host": [
                                "{{baseUrl}}"
                            ],
                            "path": [
                                "api",
                                "community",
                                "post",
                                "POST_ID_HERE",
                                "comment"
                            ]
                        }
                    },
                    "response": []
                },
                {
                    "name": "Get Comments",
                    "request": {
                        "auth": {
                            "type": "bearer",
                            "bearer": [
                                {
                                    "key": "token",
                                    "value": "{{token}}",
                                    "type": "string"
                                }
                            ]
                        },
                        "method": "GET",
                        "header": [],
                        "url": {
                            "raw": "{{baseUrl}}/api/community/post/POST_ID_HERE/comments",
                            "host": [
                                "{{baseUrl}}"
                            ],
                            "path": [
                                "api",
                                "community",
                                "post",
                                "POST_ID_HERE",
                                "comments"
                            ]
                        }
                    },
                    "response": []
                }
            ]
        },
        {
            "name": "Settings",
            "item": [
                {
                    "name": "Update City Filter",
                    "request": {
                        "auth": {
                            "type": "bearer",
                            "bearer": [
                                {
                                    "key": "token",
                                    "value": "{{token}}",
                                    "type": "string"
                                }
                            ]
                        },
                        "method": "PUT",
                        "header": [],
                        "body": {
                            "mode": "raw",
                            "raw": "{\n    \"city\": \"Mumbai\"\n}",
                            "options": {
                                "raw": {
                                    "language": "json"
                                }
                            }
                        },
                        "url": {
                            "raw": "{{baseUrl}}/api/settings/filter-city",
                            "host": [
                                "{{baseUrl}}"
                            ],
                            "path": [
                                "api",
                                "settings",
                                "filter-city"
                            ]
                        }
                    },
                    "response": []
                },
                {
                    "name": "Update Privacy",
                    "request": {
                        "auth": {
                            "type": "bearer",
                            "bearer": [
                                {
                                    "key": "token",
                                    "value": "{{token}}",
                                    "type": "string"
                                }
                            ]
                        },
                        "method": "PUT",
                        "header": [],
                        "body": {
                            "mode": "raw",
                            "raw": "{\n    \"isProfileVisible\": false\n}",
                            "options": {
                                "raw": {
                                    "language": "json"
                                }
                            }
                        },
                        "url": {
                            "raw": "{{baseUrl}}/api/settings/privacy",
                            "host": [
                                "{{baseUrl}}"
                            ],
                            "path": [
                                "api",
                                "settings",
                                "privacy"
                            ]
                        }
                    },
                    "response": []
                },
                {
                    "name": "Block User",
                    "request": {
                        "auth": {
                            "type": "bearer",
                            "bearer": [
                                {
                                    "key": "token",
                                    "value": "{{token}}",
                                    "type": "string"
                                }
                            ]
                        },
                        "method": "POST",
                        "header": [],
                        "body": {
                            "mode": "raw",
                            "raw": "{\n    \"blockedId\": \"REPLACE_WITH_USER_ID\"\n}",
                            "options": {
                                "raw": {
                                    "language": "json"
                                }
                            }
                        },
                        "url": {
                            "raw": "{{baseUrl}}/api/settings/block",
                            "host": [
                                "{{baseUrl}}"
                            ],
                            "path": [
                                "api",
                                "settings",
                                "block"
                            ]
                        }
                    },
                    "response": []
                },
                {
                    "name": "Unblock User",
                    "request": {
                        "auth": {
                            "type": "bearer",
                            "bearer": [
                                {
                                    "key": "token",
                                    "value": "{{token}}",
                                    "type": "string"
                                }
                            ]
                        },
                        "method": "POST",
                        "header": [],
                        "body": {
                            "mode": "raw",
                            "raw": "{\n    \"blockedId\": \"REPLACE_WITH_USER_ID\"\n}",
                            "options": {
                                "raw": {
                                    "language": "json"
                                }
                            }
                        },
                        "url": {
                            "raw": "{{baseUrl}}/api/settings/unblock",
                            "host": [
                                "{{baseUrl}}"
                            ],
                            "path": [
                                "api",
                                "settings",
                                "unblock"
                            ]
                        }
                    },
                    "response": []
                },
                {
                    "name": "Get Blocked Users",
                    "request": {
                        "auth": {
                            "type": "bearer",
                            "bearer": [
                                {
                                    "key": "token",
                                    "value": "{{token}}",
                                    "type": "string"
                                }
                            ]
                        },
                        "method": "GET",
                        "header": [],
                        "url": {
                            "raw": "{{baseUrl}}/api/settings/blocked-users",
                            "host": [
                                "{{baseUrl}}"
                            ],
                            "path": [
                                "api",
                                "settings",
                                "blocked-users"
                            ]
                        }
                    },
                    "response": []
                }
            ]
        },
        {
            "name": "Chat",
            "item": [
                {
                    "name": "Get Conversations",
                    "request": {
                        "auth": {
                            "type": "bearer",
                            "bearer": [
                                {
                                    "key": "token",
                                    "value": "{{token}}",
                                    "type": "string"
                                }
                            ]
                        },
                        "method": "GET",
                        "header": [],
                        "url": {
                            "raw": "{{baseUrl}}/api/chat/conversations",
                            "host": [
                                "{{baseUrl}}"
                            ],
                            "path": [
                                "api",
                                "chat",
                                "conversations"
                            ]
                        }
                    },
                    "response": []
                },
                {
                    "name": "Get Messages",
                    "request": {
                        "auth": {
                            "type": "bearer",
                            "bearer": [
                                {
                                    "key": "token",
                                    "value": "{{token}}",
                                    "type": "string"
                                }
                            ]
                        },
                        "method": "GET",
                        "header": [],
                        "url": {
                            "raw": "{{baseUrl}}/api/chat/TARGET_USER_ID",
                            "host": [
                                "{{baseUrl}}"
                            ],
                            "path": [
                                "api",
                                "chat",
                                "TARGET_USER_ID"
                            ]
                        }
                    },
                    "response": []
                },
                {
                    "name": "Send Message",
                    "request": {
                        "auth": {
                            "type": "bearer",
                            "bearer": [
                                {
                                    "key": "token",
                                    "value": "{{token}}",
                                    "type": "string"
                                }
                            ]
                        },
                        "method": "POST",
                        "header": [],
                        "body": {
                            "mode": "raw",
                            "raw": "{\n    \"receiverId\": \"TARGET_USER_ID\",\n    \"content\": \"Hello there!\",\n    \"type\": \"text\"\n}",
                            "options": {
                                "raw": {
                                    "language": "json"
                                }
                            }
                        },
                        "url": {
                            "raw": "{{baseUrl}}/api/chat/send",
                            "host": [
                                "{{baseUrl}}"
                            ],
                            "path": [
                                "api",
                                "chat",
                                "send"
                            ]
                        }
                    },
                    "response": []
                },
                {
                    "name": "Delete Conversation",
                    "request": {
                        "auth": {
                            "type": "bearer",
                            "bearer": [
                                {
                                    "key": "token",
                                    "value": "{{token}}",
                                    "type": "string"
                                }
                            ]
                        },
                        "method": "DELETE",
                        "header": [],
                        "url": {
                            "raw": "{{baseUrl}}/api/chat/conversation/TARGET_USER_ID",
                            "host": [
                                "{{baseUrl}}"
                            ],
                            "path": [
                                "api",
                                "chat",
                                "conversation",
                                "TARGET_USER_ID"
                            ]
                        }
                    },
                    "response": []
                },
                {
                    "name": "Delete Message",
                    "request": {
                        "auth": {
                            "type": "bearer",
                            "bearer": [
                                {
                                    "key": "token",
                                    "value": "{{token}}",
                                    "type": "string"
                                }
                            ]
                        },
                        "method": "DELETE",
                        "header": [],
                        "url": {
                            "raw": "{{baseUrl}}/api/chat/message/MESSAGE_ID",
                            "host": [
                                "{{baseUrl}}"
                            ],
                            "path": [
                                "api",
                                "chat",
                                "message",
                                "MESSAGE_ID"
                            ]
                        }
                    },
                    "response": []
                },
                {
                    "name": "Update Message",
                    "request": {
                        "auth": {
                            "type": "bearer",
                            "bearer": [
                                {
                                    "key": "token",
                                    "value": "{{token}}",
                                    "type": "string"
                                }
                            ]
                        },
                        "method": "PUT",
                        "header": [],
                        "body": {
                            "mode": "raw",
                            "raw": "{\n    \"content\": \"Updated message content\"\n}",
                            "options": {
                                "raw": {
                                    "language": "json"
                                }
                            }
                        },
                        "url": {
                            "raw": "{{baseUrl}}/api/chat/message/MESSAGE_ID",
                            "host": [
                                "{{baseUrl}}"
                            ],
                            "path": [
                                "api",
                                "chat",
                                "message",
                                "MESSAGE_ID"
                            ]
                        }
                    },
                    "response": []
                }
            ]
        }
    ],
    "variable": [
        {
            "key": "baseUrl",
            "value": "http://localhost:5000",
            "type": "string"
        },
        {
            "key": "token",
            "value": "",
            "type": "string"
        }
    ]
}